{"awake":{"ids":[199912150,200001131,200001250,200002040,200009210,200106030,200205260,200205270],"rri":{"ff":[0.17982123737486347,0.1045482983581177,0.12915298236037398,0.060698377462469574,0.1282133760147743,0.45206785120667625,0.259996736366723,0.4376252032315218],"fr":[0.22676125046819368,0.1748985512120826,0.2989984386973935,0.08595848882664273,0.1925387803455694,0.447932156890435,0.3401845730103051,0.48912589211648916],"isi":[0.22209902774741946,0.12717699346582464,0.13138858231411127,0.07507440359709887,0.10816193354690548,0.43876084307013513,0.29518839105053046,0.4173513778331685]}},"grating":{"ids":[2,3,4,7,9,10,11,101,102,103,104,105,106,112,113,116,201,202,203,204,205,206,207,208,209,210,211,212,213,214,215,216,217],"rri":{"ff":[0.26151369565713956,0.053413818598762784,0.10243679658744047,0.06849487888597915,0.015384324280300659,0.042490231605766905,0.07392094410030278,0.039894860200612205,0.03255136833446524,0.03684095616125359,0.03596759723541239,0.11557060328324306,0.08327331693038732,0.028599631742805547,0.005335455160241061,0.018922028092648445,0.11959855811329875,0.15760518823489642,0.016119081879127584,0.25098401121332103,0.01809444190066898,0.07340772547232463,0.2722404957841882,0.3003034391304646,0.019619254254419856,0.021466762299406562,0.09887967308395258,0.03615473027643869,0.03801350063128747,0.22341069929867102,0.19390029660244168,0.19401988254905184,0.12026492693925588],"fr":[0.2880672552031408,0.052962177375651766,0.13356273633751664,0.0726830604754394,0.020464414801748536,0.06731804608625533,0.09805056517354366,0.059675855413277044,0.03747032378796485,0.05561567127846649,0.03873513253704168,0.15333180494588655,0.10027589101395999,0.03303655848470622,0.05260655504915903,0.019151248832643082,0.14383659571509214,0.18456345823235343,0.017967752726622613,0.28939746634484953,0.02201722145180698,0.34876076505773373,0.3000321403560899,0.3282023745681581,0.03475713935325654,0.028056919209367998,0.11293470610938079,0.05603508616796189,0.050621835449368366,0.2294754413728818,0.22560181803123625,0.24747511692507987,0.18127971195691858],"isi":[0.1317689442225563,0.003984000530015247,0.0378070909408152,0.02817143622794737,0.004081014185107641,0.03398019984088428,0.0269046355262599,0.02815616554403925,0.01500431558008645,0.024733927196585244,0.006441490051754315,0.02568078101381342,0.020371078909476387,0.0075515211912912245,-0.0005827340394937165,0.010251081822695938,0.030463291599481006,0.13297226117846778,0.012968093384049969,0.2014768501817919,0.0071914850985399705,0.01729474859265397,0.19573425238254857,0.2681760127879469,0.0035997932769269137,0.01838176078585066,0.09935237098047651,0.009819289281215051,0.008957592157088875,0.12511608506423172,0.12191790020494545,0.15017709605728963,0.03574099467903395]}},"msequence":{"ids":[2,4,5,6,7,8,10,11,12,101,102,103,104,105,106,107,108,109,110,111,112,113,114,115,116,117,201,202,203,204,205,206,207,208,209,211,212,213,214,215],"rri":{"ff":[0.41671954346232765,0.12012449455221741,0.07252995176086463,0.0217865295652245,0.032294337662033365,0.026177938782084808,0.004762526730930803,0.03643984037767164,-0.0035290362394150886,0.023032994296689875,0.05077555304721595,0.05720348392307071,0.0004539487547590929,0.20549307278934478,0.08050159387402633,0.0013120603621632598,0.004808875635620524,-0.00020676483987910497,0.0070095858410985385,0.001962069161872047,0.01786402348616937,0.00029141881885419034,0.00198331432272343,2.069215720490515e-5,0.02418172787307103,0.012776760853032513,0.12540331234386964,0.17593231665220002,0.002559669647770794,0.19912620127608577,0.006866536400029937,0.030390921415749554,0.3268893463967623,0.33695017712836994,0.001356330411197374,0.21495986575468148,0.006214559766155701,0.006382230657570232,0.25174957311743895,0.032244388803355506],"fr":[0.4269618723984713,0.12593251861126803,0.07426374458133797,0.02631599816345337,0.03522699125338451,0.06016490842653267,0.029864453206112584,0.04950294454329163,0.0005457861124791418,0.03722841835928092,0.052755428859822484,0.08058062953491055,0.003058945904225622,0.20937178890414304,0.08162992530366134,0.001292674958325795,0.013598108533998166,-0.0004340790070374318,0.01018752305546549,0.0017469839455140693,0.017810433036331015,0.00014940294517056438,0.009742075627641452,0.0011029865602279047,0.024753049275978746,0.013600425052543533,0.14150876190188616,0.18550464333784572,0.003988628118264228,0.2148238956157031,0.009874998606837439,0.10138723068071112,0.3294088487958043,0.34786516737899,0.0037858760725559227,0.2255832834120514,0.015835247837278767,0.01566481904906773,0.26882081567654154,0.04294692826725109],"isi":[0.39741779088303353,0.0916137773863597,0.08319091220419095,0.018827875901555303,0.03341090952046792,0.0238613731611561,0.008436614056944387,0.034966056266197865,-0.003142208523468825,0.01619340577685555,0.04925068601612319,0.043598793137152765,0.00012523742763532,0.09655950897386284,0.04516578248589551,0.0007234068325919138,0.003053158222109884,-0.0002881558902156396,0.005702572385415847,0.0013527887202135786,0.011326825361522219,-0.00019395240260113093,0.0010883732607206184,0.00019036663130208003,0.025423663182682448,0.018383123243280054,0.1273558808210406,0.13167735221431998,0.0016621817613958882,0.2005166283781509,0.003998993304347749,0.04927437625706997,0.3300456888677029,0.26518639702252206,0.0012497703470283224,0.13808530628865276,0.0028835151963601613,0.0030678290697393577,0.20808265038655013,0.016741623322465957]}}}